{"cameraMode":{"drawMode":0,"name":"Shaded","section":"Shading Mode"},"sceneLighting":true,"audioPlay":false,"sceneViewState":{"m_AlwaysRefresh":false,"showFog":true,"showSkybox":true,"showFlares":true,"showImageEffects":true,"showParticleSystems":true,"showVisualEffectGraphs":true,"m_FxEnabled":true},"in2DMode":false,"pivot":{"x":-17.672115325927736,"y":-7.306689739227295,"z":-29.223379135131837},"rotation":{"x":0.016220327466726304,"y":-0.9300703406333923,"z":0.36482205986976626,"w":0.041355960071086887},"size":7.244753360748291,"orthographic":false}